[
  {
    "Nome": "Echoes of the Hat",
    "Categoria": "Plataforma",
    "ImagemPath": "Resources/stbg.png",
    "Autor": "Pedro Moretti",
    "Executavel": "eoth.exe",
    "DownloadUrl": "https://github.com/TwoFacexx/LauncherMeadGames/releases/download/Pedro/eoth.zip"
  },
  {
    "Nome": "Bogalho's Light",
    "Categoria": "MetroidVania",
    "ImagemPath": "",
    "Autor": "Alexis Santos",
    "Executavel": "bogalho's light.exe",
    "DownloadUrl": "https://github.com/TwoFacexx/LauncherMeadGames/releases/download/Alexis/bogalho.s.light.zip"
  },
  {
    "Nome": "Glip's Rejection",
    "Categoria": "Plataforma",
    "ImagemPath": "",
    "Autor": "Jorge Silva",
    "Executavel": "Glip's rejection.exe",
    "DownloadUrl": "https://github.com/TwoFacexx/LauncherMeadGames/releases/download/Jorge/Glip.s.rejection.zip"
  },
  {
    "Nome": "Bogalho Survivors",
    "Categoria": "Survival Shooter",
    "ImagemPath": "",
    "Autor": "Francisco Roque",
    "Executavel": "bogalho-survivors.exe",
    "DownloadUrl": "https://github.com/TwoFacexx/LauncherMeadGames/releases/download/Francisco/Bogalho-survivors.zip"
  },
  {
    "Nome": "Geo Bogalho",
    "Categoria": "Survival Shooter",
    "ImagemPath": "",
    "Autor": "David Gonçalves",
    "Executavel": "pap-david.exe",
    "DownloadUrl": "https://github.com/TwoFacexx/LauncherMeadGames/releases/download/David/Geo-Bogalho-Beta.zip"
  },
  {
    "Nome": "DeadShot Damaia",
    "Categoria": "Top down shooter",
    "ImagemPath": "",
    "Autor": "Simão Ferreira",
    "Executavel": "DeadShot_Damaia.exe",
    "DownloadUrl": "https://github.com/TwoFacexx/LauncherMeadGames/releases/download/Sim%C3%A3o/DeadShot_Damaia.zip"
  }
]


